country,channel,week,target_conversions,target_profit_per_user,target_spend
Germany,Paid Search,2025-01-06,489,40.42,3273.84
Germany,Paid Search,2025-01-13,126,46.2,9549.08
Germany,Paid Search,2025-01-20,385,38.66,16672.65
Germany,Paid Search,2025-01-27,311,30.11,10971.58
Germany,Paid Search,2025-02-03,140,69.08,1078.59
Germany,Paid Search,2025-02-10,79,52.59,18138.96
Germany,Paid Search,2025-02-17,484,51.74,13388
Germany,Paid Search,2025-02-24,493,53,24667.7
Germany,Paid Search,2025-03-03,233,59.47,13986.77
Germany,Paid Search,2025-03-10,296,77.48,11762.58
Germany,Paid Search,2025-03-17,332,45.69,14545.84
Germany,Paid Search,2025-03-24,379,41.94,14352.89
Germany,Paid Search,2025-03-31,73,28.34,19815.97
Germany,Paid Search,2025-04-07,462,29.78,5142
Germany,Paid Search,2025-04-14,139,35.92,24942.14
Germany,Paid Search,2025-04-21,177,20.75,7641.46
Germany,Paid Search,2025-04-28,109,32.7,19615.44
Germany,Paid Search,2025-05-05,140,68.26,11653.01
Germany,Paid Search,2025-05-12,147,52.6,16095.72
Germany,Paid Search,2025-05-19,193,79.17,8843.83
Germany,Paid Search,2025-05-26,412,48.69,15484.17
Germany,Paid Search,2025-06-02,312,34.73,19800.81
Germany,Paid Search,2025-06-09,426,51.43,23273.84
Germany,Paid Search,2025-06-16,246,62.14,17949.36
Germany,Paid Search,2025-06-23,239,55.34,24154.4
Germany,Paid Search,2025-06-30,192,48.21,1974.86
Germany,Paid Search,2025-07-07,463,52.63,3521.27
Germany,Paid Search,2025-07-14,100,49.09,11548.6
Germany,Paid Search,2025-07-21,440,20.36,20533.41
Germany,Paid Search,2025-07-28,444,28.38,7861.36
Germany,Paid Search,2025-08-04,64,71.58,23844.63
Germany,Paid Search,2025-08-11,486,28.59,2826.16
Germany,Paid Search,2025-08-18,197,62.13,13429.05
Germany,Paid Search,2025-08-25,170,32.3,2331.13
Germany,Paid Search,2025-09-01,139,64.63,12755.62
Germany,Paid Search,2025-09-08,413,23.36,9241.88
Germany,Paid Search,2025-09-15,398,62.92,18749.55
Germany,Paid Search,2025-09-22,114,61.36,1956.43
Germany,Paid Search,2025-09-29,467,51.1,20520.12
Germany,Paid Search,2025-10-06,155,54.13,15327.05
Germany,Paid Search,2025-10-13,335,49.39,20440.48
Germany,Paid Search,2025-10-20,202,29.27,13013.26
Germany,Paid Search,2025-10-27,370,38.79,16844.26
Germany,Paid Search,2025-11-03,326,50.77,15819.02
Germany,Paid Search,2025-11-10,379,36.56,19281.54
Germany,Paid Search,2025-11-17,475,40.6,8593.48
Germany,Paid Search,2025-11-24,167,61.13,21560.75
Germany,Paid Search,2025-12-01,274,47.41,18977.44
Germany,Paid Search,2025-12-08,244,47.65,4715.39
Germany,Paid Search,2025-12-15,406,35.56,2746.62
Germany,Paid Search,2025-12-22,246,30.9,1972.85
Germany,Paid Search,2025-12-29,168,52.63,10830.56
Germany,Paid Social,2025-01-06,148,42.01,13103.23
Germany,Paid Social,2025-01-13,488,66.76,19551.32
Germany,Paid Social,2025-01-20,51,35.51,4198.3
Germany,Paid Social,2025-01-27,155,71.44,19772.57
Germany,Paid Social,2025-02-03,80,63.56,8250.33
Germany,Paid Social,2025-02-10,111,73.58,15975.28
Germany,Paid Social,2025-02-17,271,51.52,23250.38
Germany,Paid Social,2025-02-24,317,55.01,21429.96
Germany,Paid Social,2025-03-03,172,79.34,19487.54
Germany,Paid Social,2025-03-10,360,46.27,4345.13
Germany,Paid Social,2025-03-17,411,72.5,10193.5
Germany,Paid Social,2025-03-24,275,67.96,12401.27
Germany,Paid Social,2025-03-31,101,21.15,4617.92
Germany,Paid Social,2025-04-07,249,66.22,16770.48
Germany,Paid Social,2025-04-14,388,51.25,2129.7
Germany,Paid Social,2025-04-21,289,26.27,3280.59
Germany,Paid Social,2025-04-28,301,64.11,7911.14
Germany,Paid Social,2025-05-05,246,60.53,22501.27
Germany,Paid Social,2025-05-12,327,44.05,6767.11
Germany,Paid Social,2025-05-19,227,61.87,15420.07
Germany,Paid Social,2025-05-26,209,63.84,22506.47
Germany,Paid Social,2025-06-02,353,57.28,13525.88
Germany,Paid Social,2025-06-09,260,77.71,17506.28
Germany,Paid Social,2025-06-16,444,64.53,2235.02
Germany,Paid Social,2025-06-23,216,31.23,1054.49
Germany,Paid Social,2025-06-30,136,28.47,1228.72
Germany,Paid Social,2025-07-07,283,31.24,13774.61
Germany,Paid Social,2025-07-14,171,57.62,6909.59
Germany,Paid Social,2025-07-21,130,71.78,7008.07
Germany,Paid Social,2025-07-28,405,29.22,18342.62
Germany,Paid Social,2025-08-04,441,52.76,20359.39
Germany,Paid Social,2025-08-11,458,25.71,14421.38
Germany,Paid Social,2025-08-18,284,40,2021.7
Germany,Paid Social,2025-08-25,104,54.81,6407.58
Germany,Paid Social,2025-09-01,376,29.8,15181.02
Germany,Paid Social,2025-09-08,346,65.84,17607.35
Germany,Paid Social,2025-09-15,423,33.18,13094.38
Germany,Paid Social,2025-09-22,450,75.92,22646.21
Germany,Paid Social,2025-09-29,115,20.66,4985.39
Germany,Paid Social,2025-10-06,286,75.65,22835.42
Germany,Paid Social,2025-10-13,425,55.15,4816.45
Germany,Paid Social,2025-10-20,106,55.13,7811.73
Germany,Paid Social,2025-10-27,75,30.33,6193.52
Germany,Paid Social,2025-11-03,143,77.51,19311.27
Germany,Paid Social,2025-11-10,198,52.96,4487.14
Germany,Paid Social,2025-11-17,374,46.25,16205.74
Germany,Paid Social,2025-11-24,177,48.83,7297.65
Germany,Paid Social,2025-12-01,340,33.2,21182.49
Germany,Paid Social,2025-12-08,280,47.9,24941.58
Germany,Paid Social,2025-12-15,463,38.98,16431.62
Germany,Paid Social,2025-12-22,428,71.79,1668.89
Germany,Paid Social,2025-12-29,356,50.67,1087.43
Germany,Affiliate,2025-01-06,80,54.06,6466.66
Germany,Affiliate,2025-01-13,136,32.38,19600.8
Germany,Affiliate,2025-01-20,341,79.24,6440.07
Germany,Affiliate,2025-01-27,162,78.22,2929.32
Germany,Affiliate,2025-02-03,352,60.06,15982.25
Germany,Affiliate,2025-02-10,259,74.43,12485.16
Germany,Affiliate,2025-02-17,337,27.64,20414.88
Germany,Affiliate,2025-02-24,73,31.22,10111.12
Germany,Affiliate,2025-03-03,389,63.91,16451.74
Germany,Affiliate,2025-03-10,111,26.63,13499.36
Germany,Affiliate,2025-03-17,382,66.19,7333.93
Germany,Affiliate,2025-03-24,396,65.38,1195.05
Germany,Affiliate,2025-03-31,147,47.03,12346.8
Germany,Affiliate,2025-04-07,135,22.5,16991.07
Germany,Affiliate,2025-04-14,304,30.98,18202.09
Germany,Affiliate,2025-04-21,309,49.5,19056.53
Germany,Affiliate,2025-04-28,333,20.52,24254.87
Germany,Affiliate,2025-05-05,382,20.54,21513.47
Germany,Affiliate,2025-05-12,210,28.91,12453.82
Germany,Affiliate,2025-05-19,172,79.43,24071.43
Germany,Affiliate,2025-05-26,73,37.06,2692.51
Germany,Affiliate,2025-06-02,486,31.62,13451.77
Germany,Affiliate,2025-06-09,296,78.88,16228.19
Germany,Affiliate,2025-06-16,262,45.15,18719.73
Germany,Affiliate,2025-06-23,457,69.7,22438.19
Germany,Affiliate,2025-06-30,386,62.91,17249.37
Germany,Affiliate,2025-07-07,104,34,12111.64
Germany,Affiliate,2025-07-14,168,61.53,6017.21
Germany,Affiliate,2025-07-21,429,30.32,18383.83
Germany,Affiliate,2025-07-28,418,36.25,11537.46
Germany,Affiliate,2025-08-04,105,61.34,14808.76
Germany,Affiliate,2025-08-11,87,29.34,7305.79
Germany,Affiliate,2025-08-18,263,74.7,20297.88
Germany,Affiliate,2025-08-25,462,79.94,21909.53
Germany,Affiliate,2025-09-01,189,25.21,24512.55
Germany,Affiliate,2025-09-08,300,45.97,1453.21
Germany,Affiliate,2025-09-15,495,44.09,22472.26
Germany,Affiliate,2025-09-22,144,75.64,18145.52
Germany,Affiliate,2025-09-29,102,23.17,5512.81
Germany,Affiliate,2025-10-06,432,79.1,21573.11
Germany,Affiliate,2025-10-13,402,29.22,20719.97
Germany,Affiliate,2025-10-20,188,44.21,12858.06
Germany,Affiliate,2025-10-27,167,76.27,4970.31
Germany,Affiliate,2025-11-03,165,22.33,22238.03
Germany,Affiliate,2025-11-10,133,53.46,7728.45
Germany,Affiliate,2025-11-17,386,22.44,7148.05
Germany,Affiliate,2025-11-24,151,27.69,24831.88
Germany,Affiliate,2025-12-01,256,48.87,17317.91
Germany,Affiliate,2025-12-08,119,71.98,16881.97
Germany,Affiliate,2025-12-15,135,66.92,8750.06
Germany,Affiliate,2025-12-22,211,20.43,17125.42
Germany,Affiliate,2025-12-29,79,23.31,13782.51
Germany,Partnerships,2025-01-06,313,46.51,4530.22
Germany,Partnerships,2025-01-13,58,47.59,5429.6
Germany,Partnerships,2025-01-20,113,27.76,22228.81
Germany,Partnerships,2025-01-27,76,52.59,7417.82
Germany,Partnerships,2025-02-03,166,26.32,2760.89
Germany,Partnerships,2025-02-10,200,69.18,17538.41
Germany,Partnerships,2025-02-17,243,29.05,15729.78
Germany,Partnerships,2025-02-24,332,71.93,7568.43
Germany,Partnerships,2025-03-03,102,50,6910.13
Germany,Partnerships,2025-03-10,120,58.12,16495.26
Germany,Partnerships,2025-03-17,126,60.46,13680.43
Germany,Partnerships,2025-03-24,448,51.65,15929.78
Germany,Partnerships,2025-03-31,195,26.53,7144.96
Germany,Partnerships,2025-04-07,456,39.64,10691.51
Germany,Partnerships,2025-04-14,184,63.46,21148.38
Germany,Partnerships,2025-04-21,262,23.79,24380.42
Germany,Partnerships,2025-04-28,205,74.15,2210.63
Germany,Partnerships,2025-05-05,58,61.82,21999.82
Germany,Partnerships,2025-05-12,110,60.35,24960.09
Germany,Partnerships,2025-05-19,439,59.23,3541.34
Germany,Partnerships,2025-05-26,445,37.64,21666.38
Germany,Partnerships,2025-06-02,52,46.39,18401.41
Germany,Partnerships,2025-06-09,262,52.36,10711.32
Germany,Partnerships,2025-06-16,274,46.23,18528.41
Germany,Partnerships,2025-06-23,250,66.95,19133.17
Germany,Partnerships,2025-06-30,332,66.93,15805.79
Germany,Partnerships,2025-07-07,491,21.71,23946.65
Germany,Partnerships,2025-07-14,196,72.1,22736.09
Germany,Partnerships,2025-07-21,266,59,5080.67
Germany,Partnerships,2025-07-28,408,45.05,4523.7
Germany,Partnerships,2025-08-04,64,32.42,20713.9
Germany,Partnerships,2025-08-11,199,33.44,12687.58
Germany,Partnerships,2025-08-18,355,63.56,15958.38
Germany,Partnerships,2025-08-25,273,49.36,15491.7
Germany,Partnerships,2025-09-01,468,27.68,4515.18
Germany,Partnerships,2025-09-08,436,44.25,6806.24
Germany,Partnerships,2025-09-15,67,63.78,14032.87
Germany,Partnerships,2025-09-22,404,36.84,7258.3
Germany,Partnerships,2025-09-29,293,27.64,14102.16
Germany,Partnerships,2025-10-06,332,38.21,21628.25
Germany,Partnerships,2025-10-13,118,79.22,13103.91
Germany,Partnerships,2025-10-20,190,77.41,22160.53
Germany,Partnerships,2025-10-27,323,47.64,14954.37
Germany,Partnerships,2025-11-03,148,22.89,21460.66
Germany,Partnerships,2025-11-10,201,23.02,19688.1
Germany,Partnerships,2025-11-17,116,73.07,20303.78
Germany,Partnerships,2025-11-24,181,42.28,9528.25
Germany,Partnerships,2025-12-01,351,76.04,3563.8
Germany,Partnerships,2025-12-08,205,68.21,16868.13
Germany,Partnerships,2025-12-15,266,66.68,24897.31
Germany,Partnerships,2025-12-22,278,72.13,15679.06
Germany,Partnerships,2025-12-29,469,73.92,22111.8
Germany,Organic,2025-01-06,271,76.73,6532.65
Germany,Organic,2025-01-13,99,48.41,24943.13
Germany,Organic,2025-01-20,393,26.08,1183.75
Germany,Organic,2025-01-27,223,55.09,6970.61
Germany,Organic,2025-02-03,427,68.61,1117.18
Germany,Organic,2025-02-10,417,40.84,24359.44
Germany,Organic,2025-02-17,375,57.02,14024.93
Germany,Organic,2025-02-24,264,25.09,13328.48
Germany,Organic,2025-03-03,201,58.15,9929.26
Germany,Organic,2025-03-10,452,53.52,8229.86
Germany,Organic,2025-03-17,456,22.03,24230.04
Germany,Organic,2025-03-24,123,76.52,1414.18
Germany,Organic,2025-03-31,278,25.8,13004.57
Germany,Organic,2025-04-07,418,49.69,15970.28
Germany,Organic,2025-04-14,281,48.03,20613.06
Germany,Organic,2025-04-21,263,63.24,9482.19
Germany,Organic,2025-04-28,435,62.67,11977.87
Germany,Organic,2025-05-05,402,45.14,13767.78
Germany,Organic,2025-05-12,56,33.03,10823.58
Germany,Organic,2025-05-19,368,21.68,18001.93
Germany,Organic,2025-05-26,192,65.77,2809.06
Germany,Organic,2025-06-02,395,50.29,12049.65
Germany,Organic,2025-06-09,135,77.03,11257.72
Germany,Organic,2025-06-16,174,24.97,2288.23
Germany,Organic,2025-06-23,278,50.6,24557.33
Germany,Organic,2025-06-30,365,41.93,18786.91
Germany,Organic,2025-07-07,135,24.94,17058.52
Germany,Organic,2025-07-14,132,29.13,8095.56
Germany,Organic,2025-07-21,334,74.64,16111.24
Germany,Organic,2025-07-28,304,75.21,16346.08
Germany,Organic,2025-08-04,463,51.38,1461.61
Germany,Organic,2025-08-11,397,39.89,1415.15
Germany,Organic,2025-08-18,126,29.08,6296.6
Germany,Organic,2025-08-25,183,66.95,10504.49
Germany,Organic,2025-09-01,464,22.25,10990.19
Germany,Organic,2025-09-08,159,22.32,7268.5
Germany,Organic,2025-09-15,70,25.73,6971.8
Germany,Organic,2025-09-22,482,59.36,16085.49
Germany,Organic,2025-09-29,171,28.82,18794.53
Germany,Organic,2025-10-06,392,79.53,4689.66
Germany,Organic,2025-10-13,87,54.73,8159.18
Germany,Organic,2025-10-20,390,39.77,4611.76
Germany,Organic,2025-10-27,382,45.96,12782.92
Germany,Organic,2025-11-03,301,57.73,17383.1
Germany,Organic,2025-11-10,355,41.71,12958.58
Germany,Organic,2025-11-17,353,74.27,2271.7
Germany,Organic,2025-11-24,158,55.85,2578.59
Germany,Organic,2025-12-01,384,37.2,23364.24
Germany,Organic,2025-12-08,168,70.32,13985.87
Germany,Organic,2025-12-15,251,62.19,21888.55
Germany,Organic,2025-12-22,309,78.52,24419.32
Germany,Organic,2025-12-29,384,57.21,7682.7
France,Paid Search,2025-01-06,74,30.52,15485.6
France,Paid Search,2025-01-13,213,76.24,8132.43
France,Paid Search,2025-01-20,168,35.72,20158.5
France,Paid Search,2025-01-27,262,32.61,22878.75
France,Paid Search,2025-02-03,264,77.71,13287.33
France,Paid Search,2025-02-10,384,25.61,23614.5
France,Paid Search,2025-02-17,394,27.8,12082.64
France,Paid Search,2025-02-24,280,61.25,3188.75
France,Paid Search,2025-03-03,115,67.17,5038.35
France,Paid Search,2025-03-10,192,60.16,3368.44
France,Paid Search,2025-03-17,140,65.19,1459.67
France,Paid Search,2025-03-24,267,55.3,20159.16
France,Paid Search,2025-03-31,471,25.91,4391.66
France,Paid Search,2025-04-07,95,40.81,8189.35
France,Paid Search,2025-04-14,235,26.05,13034.21
France,Paid Search,2025-04-21,188,46.65,1529.09
France,Paid Search,2025-04-28,338,30.95,22331.54
France,Paid Search,2025-05-05,418,32.19,21742.83
France,Paid Search,2025-05-12,226,77.8,14334.2
France,Paid Search,2025-05-19,385,43.97,20797.49
France,Paid Search,2025-05-26,407,69.85,9717.64
France,Paid Search,2025-06-02,489,26.95,2238.77
France,Paid Search,2025-06-09,102,69.31,8356.4
France,Paid Search,2025-06-16,385,37.07,21490.76
France,Paid Search,2025-06-23,293,51.47,12741.33
France,Paid Search,2025-06-30,324,54.67,24880.9
France,Paid Search,2025-07-07,181,68.37,15354.23
France,Paid Search,2025-07-14,386,64.07,23655.42
France,Paid Search,2025-07-21,269,23.17,22093.03
France,Paid Search,2025-07-28,300,39.35,22925.47
France,Paid Search,2025-08-04,409,61.31,15827.33
France,Paid Search,2025-08-11,427,60.18,2432.38
France,Paid Search,2025-08-18,53,52.08,15101.07
France,Paid Search,2025-08-25,351,70.63,17295.07
France,Paid Search,2025-09-01,180,34.1,20276.26
France,Paid Search,2025-09-08,365,71.13,18843.62
France,Paid Search,2025-09-15,280,48.53,11493.94
France,Paid Search,2025-09-22,437,49.19,19671.8
France,Paid Search,2025-09-29,287,67.69,5685.81
France,Paid Search,2025-10-06,271,79.05,15249.18
France,Paid Search,2025-10-13,213,61.47,17759.6
France,Paid Search,2025-10-20,224,50.27,13923
France,Paid Search,2025-10-27,213,43.62,21817.3
France,Paid Search,2025-11-03,496,37.85,2399.8
France,Paid Search,2025-11-10,208,27.76,8925.98
France,Paid Search,2025-11-17,360,64.83,18814.17
France,Paid Search,2025-11-24,426,67.09,17819.32
France,Paid Search,2025-12-01,436,30.79,6231.78
France,Paid Search,2025-12-08,288,38.15,2174.33
France,Paid Search,2025-12-15,303,70.11,22763.39
France,Paid Search,2025-12-22,151,46.5,17406.39
France,Paid Search,2025-12-29,332,27.54,2502.98
France,Paid Social,2025-01-06,74,57.34,9593.69
France,Paid Social,2025-01-13,481,36.31,10680.1
France,Paid Social,2025-01-20,192,72.75,5732.51
France,Paid Social,2025-01-27,159,44.33,13874.32
France,Paid Social,2025-02-03,349,68.04,14708.25
France,Paid Social,2025-02-10,325,24.94,9482.33
France,Paid Social,2025-02-17,187,53.28,19123.65
France,Paid Social,2025-02-24,418,72.38,2616.77
France,Paid Social,2025-03-03,91,33.09,23927.81
France,Paid Social,2025-03-10,332,29.96,18354.96
France,Paid Social,2025-03-17,88,75.33,3970.05
France,Paid Social,2025-03-24,103,73.49,21966.58
France,Paid Social,2025-03-31,89,48.41,23592.64
France,Paid Social,2025-04-07,291,31.47,20678.74
France,Paid Social,2025-04-14,119,47.03,12100.98
France,Paid Social,2025-04-21,244,59.13,6697.88
France,Paid Social,2025-04-28,142,20.78,6806.99
France,Paid Social,2025-05-05,441,60.53,6647.77
France,Paid Social,2025-05-12,133,20.06,17994.29
France,Paid Social,2025-05-19,315,47.15,16980.38
France,Paid Social,2025-05-26,451,20.05,15007.36
France,Paid Social,2025-06-02,135,22.35,14233.92
France,Paid Social,2025-06-09,259,41.09,20995.86
France,Paid Social,2025-06-16,393,32.88,24822.68
France,Paid Social,2025-06-23,242,56.46,8671.69
France,Paid Social,2025-06-30,79,65.03,23640.99
France,Paid Social,2025-07-07,293,32.58,5497.35
France,Paid Social,2025-07-14,322,52.86,19511.51
France,Paid Social,2025-07-21,58,40.93,12291.27
France,Paid Social,2025-07-28,168,24.01,23075.27
France,Paid Social,2025-08-04,466,41.64,8445.65
France,Paid Social,2025-08-11,429,79.93,15741.18
France,Paid Social,2025-08-18,187,75.05,5280.57
France,Paid Social,2025-08-25,329,68.38,18747.14
France,Paid Social,2025-09-01,190,39.98,3271.63
France,Paid Social,2025-09-08,110,53.33,3635.64
France,Paid Social,2025-09-15,450,24.46,17783.6
France,Paid Social,2025-09-22,285,30.94,14573.52
France,Paid Social,2025-09-29,259,71.27,9916.74
France,Paid Social,2025-10-06,229,76.53,16340.98
France,Paid Social,2025-10-13,242,50.8,23355.77
France,Paid Social,2025-10-20,481,53.86,20663.87
France,Paid Social,2025-10-27,111,34.06,19501.58
France,Paid Social,2025-11-03,337,78.66,19166.68
France,Paid Social,2025-11-10,211,48.55,7788.34
France,Paid Social,2025-11-17,328,37.54,8632.98
France,Paid Social,2025-11-24,398,51.68,22792.2
France,Paid Social,2025-12-01,117,74.46,22206.41
France,Paid Social,2025-12-08,134,27.72,3894.1
France,Paid Social,2025-12-15,452,73.01,1480.25
France,Paid Social,2025-12-22,181,75.62,19791.26
France,Paid Social,2025-12-29,75,78.44,8896.75
France,Affiliate,2025-01-06,336,29.8,22523.36
France,Affiliate,2025-01-13,109,25.46,21544.42
France,Affiliate,2025-01-20,492,62.43,22406.03
France,Affiliate,2025-01-27,159,40.84,14825.66
France,Affiliate,2025-02-03,429,40.31,23904.55
France,Affiliate,2025-02-10,353,70.92,13734.99
France,Affiliate,2025-02-17,131,71.72,22985.55
France,Affiliate,2025-02-24,344,44.39,7372.87
France,Affiliate,2025-03-03,314,40.62,9241.33
France,Affiliate,2025-03-10,495,65.24,11773.36
France,Affiliate,2025-03-17,162,78.11,13676.37
France,Affiliate,2025-03-24,265,45.87,18698.98
France,Affiliate,2025-03-31,338,76.88,7233.59
France,Affiliate,2025-04-07,403,30.33,15114.27
France,Affiliate,2025-04-14,210,53.85,1058.05
France,Affiliate,2025-04-21,238,24.47,4233.25
France,Affiliate,2025-04-28,89,37.29,17998.87
France,Affiliate,2025-05-05,323,68.85,18465.88
France,Affiliate,2025-05-12,200,58.39,23776.21
France,Affiliate,2025-05-19,180,66.99,24085.09
France,Affiliate,2025-05-26,414,55.15,11937.49
France,Affiliate,2025-06-02,276,27.38,18641.73
France,Affiliate,2025-06-09,461,49.66,19162.8
France,Affiliate,2025-06-16,496,30.85,23639.88
France,Affiliate,2025-06-23,313,53.5,2225.94
France,Affiliate,2025-06-30,343,62.82,22014.7
France,Affiliate,2025-07-07,320,23.72,8679.82
France,Affiliate,2025-07-14,245,32.17,7135.3
France,Affiliate,2025-07-21,299,66.19,7051.06
France,Affiliate,2025-07-28,144,62.07,6657.44
France,Affiliate,2025-08-04,424,28.72,21073.8
France,Affiliate,2025-08-11,367,75.7,10850.58
France,Affiliate,2025-08-18,242,61.55,12487.33
France,Affiliate,2025-08-25,203,46.85,2612.92
France,Affiliate,2025-09-01,232,38.26,20666.19
France,Affiliate,2025-09-08,186,61.23,12268.78
France,Affiliate,2025-09-15,206,43.67,24227.67
France,Affiliate,2025-09-22,217,35.2,22671.75
France,Affiliate,2025-09-29,75,67.82,3424.01
France,Affiliate,2025-10-06,429,69.99,15587.06
France,Affiliate,2025-10-13,306,20.51,14809.69
France,Affiliate,2025-10-20,349,28.25,13723.45
France,Affiliate,2025-10-27,142,63.44,7670.14
France,Affiliate,2025-11-03,241,33.83,23224.9
France,Affiliate,2025-11-10,75,77.61,16558.14
France,Affiliate,2025-11-17,130,70.22,15146.76
France,Affiliate,2025-11-24,483,42.28,21771.27
France,Affiliate,2025-12-01,416,35.78,2936.15
France,Affiliate,2025-12-08,182,34.26,3703.67
France,Affiliate,2025-12-15,259,29.91,17534.18
France,Affiliate,2025-12-22,156,66.79,17636.8
France,Affiliate,2025-12-29,217,37.03,17657.1
France,Partnerships,2025-01-06,304,67.97,12190.87
France,Partnerships,2025-01-13,333,52.11,19258.33
France,Partnerships,2025-01-20,194,25.27,15160.78
France,Partnerships,2025-01-27,283,67.09,9889.5
France,Partnerships,2025-02-03,266,76.12,4249.93
France,Partnerships,2025-02-10,381,39.38,8313.56
France,Partnerships,2025-02-17,127,59.42,4770.66
France,Partnerships,2025-02-24,284,76.47,17865.55
France,Partnerships,2025-03-03,490,29.08,24611.28
France,Partnerships,2025-03-10,324,48.16,14747.98
France,Partnerships,2025-03-17,330,22.82,22840.32
France,Partnerships,2025-03-24,50,32.75,17226.71
France,Partnerships,2025-03-31,248,40.57,15267.34
France,Partnerships,2025-04-07,405,58.31,3267.57
France,Partnerships,2025-04-14,126,32.38,18184.21
France,Partnerships,2025-04-21,211,29.8,15825.96
France,Partnerships,2025-04-28,128,20.44,14830.57
France,Partnerships,2025-05-05,414,77,5783.97
France,Partnerships,2025-05-12,306,31.96,3396.84
France,Partnerships,2025-05-19,348,32.52,19506.23
France,Partnerships,2025-05-26,166,67.47,8282.4
France,Partnerships,2025-06-02,292,60.52,6396.28
France,Partnerships,2025-06-09,329,55.24,21234.73
France,Partnerships,2025-06-16,467,47.93,11021.09
France,Partnerships,2025-06-23,341,57.64,15407.5
France,Partnerships,2025-06-30,125,51.76,21917.33
France,Partnerships,2025-07-07,480,45.59,4396.81
France,Partnerships,2025-07-14,412,49.78,9725.03
France,Partnerships,2025-07-21,282,47.5,16134.64
France,Partnerships,2025-07-28,359,60.62,2163.96
France,Partnerships,2025-08-04,488,37.77,14852.19
France,Partnerships,2025-08-11,103,33.91,23809.75
France,Partnerships,2025-08-18,189,46.79,20124.86
France,Partnerships,2025-08-25,315,22.59,23053.74
France,Partnerships,2025-09-01,360,33.86,2482.19
France,Partnerships,2025-09-08,88,35.43,16000.51
France,Partnerships,2025-09-15,441,66.4,1013.58
France,Partnerships,2025-09-22,474,38.68,12773.16
France,Partnerships,2025-09-29,258,56.23,3475.76
France,Partnerships,2025-10-06,305,59.74,21300.95
France,Partnerships,2025-10-13,122,79.31,3186.64
France,Partnerships,2025-10-20,166,41.18,21192.3
France,Partnerships,2025-10-27,118,42.59,7220.07
France,Partnerships,2025-11-03,264,39.42,24052.54
France,Partnerships,2025-11-10,427,51.95,17647.7
France,Partnerships,2025-11-17,471,53.76,13022.22
France,Partnerships,2025-11-24,388,54.01,3608.9
France,Partnerships,2025-12-01,115,34.42,20313.95
France,Partnerships,2025-12-08,402,69.8,19003.21
France,Partnerships,2025-12-15,472,79.73,21719.55
France,Partnerships,2025-12-22,309,60.56,22010
France,Partnerships,2025-12-29,420,31.04,3591.26
France,Organic,2025-01-06,193,36.96,2334.6
France,Organic,2025-01-13,277,76.92,7026.14
France,Organic,2025-01-20,339,50.53,1863.49
France,Organic,2025-01-27,397,72.79,24509.17
France,Organic,2025-02-03,494,49.36,20055.05
France,Organic,2025-02-10,242,21.56,16732.79
France,Organic,2025-02-17,66,28.78,11359.86
France,Organic,2025-02-24,283,45.45,23424.96
France,Organic,2025-03-03,393,26.75,5715.01
France,Organic,2025-03-10,419,67.68,15968.81
France,Organic,2025-03-17,176,49.32,17533.32
France,Organic,2025-03-24,473,67.48,3476.56
France,Organic,2025-03-31,473,57.57,7069.76
France,Organic,2025-04-07,64,72.8,14071.48
France,Organic,2025-04-14,404,71.47,24059.75
France,Organic,2025-04-21,320,62.35,6096.33
France,Organic,2025-04-28,208,71.57,10807.24
France,Organic,2025-05-05,254,31.72,20685.69
France,Organic,2025-05-12,52,51.61,17569.94
France,Organic,2025-05-19,272,62.86,18857.52
France,Organic,2025-05-26,169,41.14,15142.95
France,Organic,2025-06-02,205,48.59,11322.21
France,Organic,2025-06-09,81,46.22,3139.59
France,Organic,2025-06-16,489,71.86,8654.38
France,Organic,2025-06-23,71,60.65,20367.5
France,Organic,2025-06-30,220,39.46,19916.23
France,Organic,2025-07-07,489,75.6,3748.07
France,Organic,2025-07-14,156,39.27,11688.83
France,Organic,2025-07-21,475,69.19,15842.17
France,Organic,2025-07-28,113,21.1,12528.5
France,Organic,2025-08-04,179,45.83,2255.37
France,Organic,2025-08-11,449,39.02,15042.97
France,Organic,2025-08-18,194,23.58,17729.72
France,Organic,2025-08-25,183,33.15,7742.02
France,Organic,2025-09-01,285,77.46,22740.26
France,Organic,2025-09-08,263,23.76,14474.33
France,Organic,2025-09-15,303,40.16,22816.31
France,Organic,2025-09-22,233,40.2,6624.13
France,Organic,2025-09-29,433,47.8,21261.72
France,Organic,2025-10-06,303,76.52,15172.54
France,Organic,2025-10-13,147,61.99,22152.43
France,Organic,2025-10-20,299,70.2,21919.32
France,Organic,2025-10-27,425,74.89,13055.43
France,Organic,2025-11-03,248,58.05,12699.04
France,Organic,2025-11-10,167,59.01,3406.98
France,Organic,2025-11-17,375,47.09,5279.5
France,Organic,2025-11-24,325,44.12,21930.54
France,Organic,2025-12-01,189,49.62,16094.62
France,Organic,2025-12-08,107,23.39,19441.44
France,Organic,2025-12-15,225,29.9,6293.86
France,Organic,2025-12-22,424,22.9,7039.11
France,Organic,2025-12-29,457,51.62,21527.5
UK,Paid Search,2025-01-06,300,78.5,16743.62
UK,Paid Search,2025-01-13,239,20.16,7786.44
UK,Paid Search,2025-01-20,487,41.65,10697.26
UK,Paid Search,2025-01-27,184,46.38,11804.07
UK,Paid Search,2025-02-03,282,60.37,16190.99
UK,Paid Search,2025-02-10,346,68.06,6555.6
UK,Paid Search,2025-02-17,59,33.23,3610.66
UK,Paid Search,2025-02-24,267,58.91,21780.02
UK,Paid Search,2025-03-03,459,63.09,12887.95
UK,Paid Search,2025-03-10,317,61.4,16490.46
UK,Paid Search,2025-03-17,239,57.56,14920.61
UK,Paid Search,2025-03-24,498,24.08,21918.17
UK,Paid Search,2025-03-31,279,53.46,5644.48
UK,Paid Search,2025-04-07,466,57.98,2435.36
UK,Paid Search,2025-04-14,191,32.7,6204.62
UK,Paid Search,2025-04-21,430,37.1,11830.5
UK,Paid Search,2025-04-28,94,62.49,24676
UK,Paid Search,2025-05-05,465,38.37,13441.24
UK,Paid Search,2025-05-12,280,29.74,22889.57
UK,Paid Search,2025-05-19,108,57.29,3691.36
UK,Paid Search,2025-05-26,317,79.97,1499.27
UK,Paid Search,2025-06-02,175,40.71,17068.98
UK,Paid Search,2025-06-09,405,62.33,9957.11
UK,Paid Search,2025-06-16,236,34.22,12262.99
UK,Paid Search,2025-06-23,369,53.75,14265.28
UK,Paid Search,2025-06-30,438,38.52,14373.21
UK,Paid Search,2025-07-07,381,53.75,16417.34
UK,Paid Search,2025-07-14,279,28.72,9795.51
UK,Paid Search,2025-07-21,274,69.57,12903.69
UK,Paid Search,2025-07-28,270,25.75,23033.2
UK,Paid Search,2025-08-04,361,39.69,14081.27
UK,Paid Search,2025-08-11,88,29.91,3532.07
UK,Paid Search,2025-08-18,99,62.36,6640.67
UK,Paid Search,2025-08-25,137,55.1,14620.68
UK,Paid Search,2025-09-01,83,56.12,19703.2
UK,Paid Search,2025-09-08,162,51.05,17698.69
UK,Paid Search,2025-09-15,405,79.23,19124.99
UK,Paid Search,2025-09-22,309,42.02,24142.95
UK,Paid Search,2025-09-29,163,23.19,20055.69
UK,Paid Search,2025-10-06,127,40.33,6104.08
UK,Paid Search,2025-10-13,272,68.7,19675.74
UK,Paid Search,2025-10-20,233,33.22,7448.66
UK,Paid Search,2025-10-27,211,31.81,21716.94
UK,Paid Search,2025-11-03,259,48.48,10200.89
UK,Paid Search,2025-11-10,420,35.64,8515.39
UK,Paid Search,2025-11-17,354,27.36,2028.54
UK,Paid Search,2025-11-24,459,73.79,4148.89
UK,Paid Search,2025-12-01,294,47.95,24986.13
UK,Paid Search,2025-12-08,387,28.57,12298.26
UK,Paid Search,2025-12-15,323,46.41,19515.32
UK,Paid Search,2025-12-22,495,70.56,8028.14
UK,Paid Search,2025-12-29,390,61.88,7330.58
UK,Paid Social,2025-01-06,71,74.23,23741.27
UK,Paid Social,2025-01-13,50,46.67,16735.79
UK,Paid Social,2025-01-20,190,70.56,17409.4
UK,Paid Social,2025-01-27,244,76.37,4393.19
UK,Paid Social,2025-02-03,270,49.39,3744.59
UK,Paid Social,2025-02-10,74,24.55,15620.46
UK,Paid Social,2025-02-17,491,26.24,14100.75
UK,Paid Social,2025-02-24,464,44.3,15810.01
UK,Paid Social,2025-03-03,154,24.51,16739.11
UK,Paid Social,2025-03-10,170,42.06,18611.41
UK,Paid Social,2025-03-17,102,48.92,9552.05
UK,Paid Social,2025-03-24,483,54.9,5061.08
UK,Paid Social,2025-03-31,130,21.31,15761.25
UK,Paid Social,2025-04-07,164,31.99,14422.88
UK,Paid Social,2025-04-14,402,27.57,8108.15
UK,Paid Social,2025-04-21,433,30.43,15677.21
UK,Paid Social,2025-04-28,108,36.54,15958.16
UK,Paid Social,2025-05-05,81,65.96,24738.11
UK,Paid Social,2025-05-12,145,48.04,23735.73
UK,Paid Social,2025-05-19,127,59.96,1340.38
UK,Paid Social,2025-05-26,52,42.88,3403.99
UK,Paid Social,2025-06-02,125,67.66,18898.59
UK,Paid Social,2025-06-09,283,22.18,11069.25
UK,Paid Social,2025-06-16,128,25.7,16153.31
UK,Paid Social,2025-06-23,93,21.9,14868.07
UK,Paid Social,2025-06-30,268,76.59,19366.81
UK,Paid Social,2025-07-07,162,68.34,21927.1
UK,Paid Social,2025-07-14,50,26.15,17979.87
UK,Paid Social,2025-07-21,259,47.92,6524.33
UK,Paid Social,2025-07-28,267,66.09,8476.21
UK,Paid Social,2025-08-04,394,73.87,24703.8
UK,Paid Social,2025-08-11,397,46.77,16848.26
UK,Paid Social,2025-08-18,453,43.7,2383.76
UK,Paid Social,2025-08-25,349,43.65,16817.73
UK,Paid Social,2025-09-01,302,46.08,21026.25
UK,Paid Social,2025-09-08,364,45.04,11472.05
UK,Paid Social,2025-09-15,216,24.28,14082.29
UK,Paid Social,2025-09-22,443,26.8,4929.36
UK,Paid Social,2025-09-29,117,22.35,21492.41
UK,Paid Social,2025-10-06,60,56.85,4012.96
UK,Paid Social,2025-10-13,288,71.98,24269.02
UK,Paid Social,2025-10-20,285,36.66,20677.55
UK,Paid Social,2025-10-27,243,63.83,10631.84
UK,Paid Social,2025-11-03,486,37.57,21790.24
UK,Paid Social,2025-11-10,54,29.19,24990.12
UK,Paid Social,2025-11-17,427,71.15,8036.91
UK,Paid Social,2025-11-24,361,52.99,7602.65
UK,Paid Social,2025-12-01,218,30.85,8022.72
UK,Paid Social,2025-12-08,131,21.03,18048.06
UK,Paid Social,2025-12-15,457,65.14,12780.85
UK,Paid Social,2025-12-22,182,25.01,14066.97
UK,Paid Social,2025-12-29,175,56.74,11900.74
UK,Affiliate,2025-01-06,463,40.96,22136
UK,Affiliate,2025-01-13,85,60.74,16305.82
UK,Affiliate,2025-01-20,334,41.88,4162.42
UK,Affiliate,2025-01-27,111,75.95,12202.13
UK,Affiliate,2025-02-03,412,60.95,16311.02
UK,Affiliate,2025-02-10,418,49.58,5100.15
UK,Affiliate,2025-02-17,349,23.12,1377.04
UK,Affiliate,2025-02-24,173,46.54,1278.2
UK,Affiliate,2025-03-03,145,57.6,20363.07
UK,Affiliate,2025-03-10,55,62.05,7475.76
UK,Affiliate,2025-03-17,136,69.65,12500.14
UK,Affiliate,2025-03-24,497,23.54,2146.13
UK,Affiliate,2025-03-31,359,50.34,12099.48
UK,Affiliate,2025-04-07,231,45.13,19898.42
UK,Affiliate,2025-04-14,331,64.53,23650.91
UK,Affiliate,2025-04-21,220,41.94,12269.25
UK,Affiliate,2025-04-28,328,64.89,10844.46
UK,Affiliate,2025-05-05,360,31.63,14034.8
UK,Affiliate,2025-05-12,164,20.56,15468.28
UK,Affiliate,2025-05-19,79,39.51,5517.62
UK,Affiliate,2025-05-26,356,28.42,17954.5
UK,Affiliate,2025-06-02,106,66.14,4020.9
UK,Affiliate,2025-06-09,87,58.67,16000.22
UK,Affiliate,2025-06-16,86,69.03,19188.86
UK,Affiliate,2025-06-23,230,73.92,5820.53
UK,Affiliate,2025-06-30,54,78.23,3558.4
UK,Affiliate,2025-07-07,137,31.76,21516.58
UK,Affiliate,2025-07-14,242,66.57,21453.04
UK,Affiliate,2025-07-21,229,26.57,17799.69
UK,Affiliate,2025-07-28,409,60.81,11797.92
UK,Affiliate,2025-08-04,439,24.11,4029.71
UK,Affiliate,2025-08-11,79,75.45,11522.22
UK,Affiliate,2025-08-18,172,49.06,23320.42
UK,Affiliate,2025-08-25,307,47.4,2072
UK,Affiliate,2025-09-01,297,35.31,21083.33
UK,Affiliate,2025-09-08,90,24.73,19968.27
UK,Affiliate,2025-09-15,91,45.58,11923.32
UK,Affiliate,2025-09-22,152,20.74,13995.13
UK,Affiliate,2025-09-29,128,47,12330.99
UK,Affiliate,2025-10-06,164,61.95,6563.72
UK,Affiliate,2025-10-13,170,28.34,16317.52
UK,Affiliate,2025-10-20,166,77.53,8982.02
UK,Affiliate,2025-10-27,467,26.05,8222.47
UK,Affiliate,2025-11-03,71,39.17,14918.81
UK,Affiliate,2025-11-10,451,70.19,15996.99
UK,Affiliate,2025-11-17,275,78.25,4801.33
UK,Affiliate,2025-11-24,494,60.63,9201.7
UK,Affiliate,2025-12-01,56,57.26,10778.64
UK,Affiliate,2025-12-08,70,30.11,24769.12
UK,Affiliate,2025-12-15,236,27.96,5405.39
UK,Affiliate,2025-12-22,227,46.42,1064.12
UK,Affiliate,2025-12-29,489,24.23,20720.17
UK,Partnerships,2025-01-06,331,23.8,23349.72
UK,Partnerships,2025-01-13,296,56.73,18360.12
UK,Partnerships,2025-01-20,107,61.94,23092.73
UK,Partnerships,2025-01-27,465,58.46,3004.34
UK,Partnerships,2025-02-03,330,48.87,21494.45
UK,Partnerships,2025-02-10,62,62.31,7807.19
UK,Partnerships,2025-02-17,117,31.77,10011.21
UK,Partnerships,2025-02-24,331,68.32,13363.71
UK,Partnerships,2025-03-03,206,43.19,24319.15
UK,Partnerships,2025-03-10,341,76.74,6315.66
UK,Partnerships,2025-03-17,137,41.18,5521.95
UK,Partnerships,2025-03-24,118,38.36,1385.12
UK,Partnerships,2025-03-31,349,24.61,19958.49
UK,Partnerships,2025-04-07,257,74.68,12931.48
UK,Partnerships,2025-04-14,303,21.83,9648
UK,Partnerships,2025-04-21,435,22.37,11990.74
UK,Partnerships,2025-04-28,182,23.97,6606.01
UK,Partnerships,2025-05-05,161,75.95,8875.47
UK,Partnerships,2025-05-12,147,41.39,3674.95
UK,Partnerships,2025-05-19,188,37.3,20548.34
UK,Partnerships,2025-05-26,103,33.07,6214.99
UK,Partnerships,2025-06-02,189,38.26,16931.06
UK,Partnerships,2025-06-09,146,68.22,14118.25
UK,Partnerships,2025-06-16,68,37.65,1145.8
UK,Partnerships,2025-06-23,422,31.08,5622.69
UK,Partnerships,2025-06-30,274,47.41,10702.9
UK,Partnerships,2025-07-07,51,32.79,15563.06
UK,Partnerships,2025-07-14,325,69.06,19471.75
UK,Partnerships,2025-07-21,99,53.76,1304.82
UK,Partnerships,2025-07-28,177,51.37,11525.38
UK,Partnerships,2025-08-04,464,26.63,3201.03
UK,Partnerships,2025-08-11,352,74.41,18056.16
UK,Partnerships,2025-08-18,109,62.7,22707.8
UK,Partnerships,2025-08-25,340,69.16,6689.59
UK,Partnerships,2025-09-01,341,67.16,16003.56
UK,Partnerships,2025-09-08,416,21.45,12491.97
UK,Partnerships,2025-09-15,88,70.21,8247.98
UK,Partnerships,2025-09-22,233,21.46,22702.19
UK,Partnerships,2025-09-29,417,44.16,1786.07
UK,Partnerships,2025-10-06,463,70.09,6356.67
UK,Partnerships,2025-10-13,420,28.53,20686.37
UK,Partnerships,2025-10-20,299,30.15,15937
UK,Partnerships,2025-10-27,183,28.77,22829.96
UK,Partnerships,2025-11-03,240,61.86,5480.03
UK,Partnerships,2025-11-10,282,27.09,3729.46
UK,Partnerships,2025-11-17,328,34.02,21796.41
UK,Partnerships,2025-11-24,96,20.55,6331.43
UK,Partnerships,2025-12-01,236,79,20796.56
UK,Partnerships,2025-12-08,313,55.74,5701.85
UK,Partnerships,2025-12-15,278,77.15,19180.13
UK,Partnerships,2025-12-22,145,73.17,7188.25
UK,Partnerships,2025-12-29,379,33.2,6901.69
UK,Organic,2025-01-06,267,77.65,22567.86
UK,Organic,2025-01-13,400,70.86,19420.13
UK,Organic,2025-01-20,200,46.48,3566.78
UK,Organic,2025-01-27,90,43.06,22625.38
UK,Organic,2025-02-03,367,66.3,22517.1
UK,Organic,2025-02-10,80,66.38,3687.52
UK,Organic,2025-02-17,472,59.87,1857.78
UK,Organic,2025-02-24,400,70.36,4951.77
UK,Organic,2025-03-03,350,28.92,19717.48
UK,Organic,2025-03-10,203,37.51,4287.58
UK,Organic,2025-03-17,212,40.68,24870.04
UK,Organic,2025-03-24,122,21.05,15382.94
UK,Organic,2025-03-31,466,33.15,2466.11
UK,Organic,2025-04-07,258,33.55,13919.07
UK,Organic,2025-04-14,287,75.55,9199.85
UK,Organic,2025-04-21,410,57.82,9887.35
UK,Organic,2025-04-28,446,69.38,17899.38
UK,Organic,2025-05-05,403,53.61,6279.18
UK,Organic,2025-05-12,468,74.02,18672.45
UK,Organic,2025-05-19,236,54.06,18983.14
UK,Organic,2025-05-26,427,49.35,21377.78
UK,Organic,2025-06-02,483,47.9,4475.25
UK,Organic,2025-06-09,172,71.29,17359.1
UK,Organic,2025-06-16,85,46.6,10905.47
UK,Organic,2025-06-23,477,49.68,13116.21
UK,Organic,2025-06-30,240,35.56,2339.44
UK,Organic,2025-07-07,378,69.99,10271.18
UK,Organic,2025-07-14,224,54.85,11308
UK,Organic,2025-07-21,114,60.29,19574.45
UK,Organic,2025-07-28,247,50.7,5361.86
UK,Organic,2025-08-04,232,46.99,13844.96
UK,Organic,2025-08-11,208,66.21,6657.25
UK,Organic,2025-08-18,288,58.56,6052.1
UK,Organic,2025-08-25,309,62.66,13475.16
UK,Organic,2025-09-01,162,21.29,21163.75
UK,Organic,2025-09-08,419,52.85,4579.13
UK,Organic,2025-09-15,259,28.29,11450.09
UK,Organic,2025-09-22,175,54.01,3392.84
UK,Organic,2025-09-29,341,76.49,8313
UK,Organic,2025-10-06,308,41.19,11006.87
UK,Organic,2025-10-13,186,36.44,4831.09
UK,Organic,2025-10-20,449,50.52,8154.19
UK,Organic,2025-10-27,214,22.53,5482.89
UK,Organic,2025-11-03,101,47,20396.07
UK,Organic,2025-11-10,165,62.93,14342.86
UK,Organic,2025-11-17,223,34.44,22805.37
UK,Organic,2025-11-24,446,67.25,16966.83
UK,Organic,2025-12-01,103,73.8,21904.56
UK,Organic,2025-12-08,89,33.36,10747.44
UK,Organic,2025-12-15,324,51.19,3957.82
UK,Organic,2025-12-22,111,56.02,2285.54
UK,Organic,2025-12-29,366,69.71,1633.32
Spain,Paid Search,2025-01-06,289,25.58,14393.56
Spain,Paid Search,2025-01-13,89,45.99,5138.5
Spain,Paid Search,2025-01-20,243,72.19,13109.8
Spain,Paid Search,2025-01-27,418,68.4,19666.61
Spain,Paid Search,2025-02-03,438,62.16,22678.27
Spain,Paid Search,2025-02-10,217,65.68,20043.88
Spain,Paid Search,2025-02-17,318,33.89,13847.42
Spain,Paid Search,2025-02-24,117,27.9,22081.82
Spain,Paid Search,2025-03-03,366,30.27,13656.15
Spain,Paid Search,2025-03-10,79,76.18,7537.68
Spain,Paid Search,2025-03-17,272,53.35,18673.7
Spain,Paid Search,2025-03-24,112,43.46,11672.89
Spain,Paid Search,2025-03-31,167,68.67,5592.6
Spain,Paid Search,2025-04-07,247,58.19,16178.16
Spain,Paid Search,2025-04-14,494,25.22,6839.71
Spain,Paid Search,2025-04-21,180,24.23,14659.39
Spain,Paid Search,2025-04-28,131,58.86,1334.85
Spain,Paid Search,2025-05-05,309,24.63,16617.58
Spain,Paid Search,2025-05-12,487,22.09,2670.98
Spain,Paid Search,2025-05-19,388,27.11,8016.95
Spain,Paid Search,2025-05-26,469,65.06,12845.61
Spain,Paid Search,2025-06-02,92,34.6,20929.21
Spain,Paid Search,2025-06-09,67,51.53,11245.66
Spain,Paid Search,2025-06-16,168,60.06,11486.61
Spain,Paid Search,2025-06-23,429,36.9,3968.3
Spain,Paid Search,2025-06-30,147,27.39,24845.71
Spain,Paid Search,2025-07-07,108,73.97,3038.3
Spain,Paid Search,2025-07-14,317,77.46,12490.4
Spain,Paid Search,2025-07-21,135,51.63,21666.87
Spain,Paid Search,2025-07-28,97,60.52,4693.59
Spain,Paid Search,2025-08-04,73,26.43,21109.95
Spain,Paid Search,2025-08-11,96,37.93,12136.9
Spain,Paid Search,2025-08-18,158,58.24,6349.16
Spain,Paid Search,2025-08-25,303,48.66,21979.15
Spain,Paid Search,2025-09-01,364,68.13,7757.98
Spain,Paid Search,2025-09-08,379,36.73,6221.48
Spain,Paid Search,2025-09-15,369,33.8,11956.36
Spain,Paid Search,2025-09-22,497,63.68,6024.65
Spain,Paid Search,2025-09-29,298,46.08,20760.15
Spain,Paid Search,2025-10-06,138,76.61,1506.16
Spain,Paid Search,2025-10-13,374,41.67,7163.27
Spain,Paid Search,2025-10-20,76,69.85,18132.39
Spain,Paid Search,2025-10-27,489,63.6,24090.43
Spain,Paid Search,2025-11-03,404,33.34,23538.99
Spain,Paid Search,2025-11-10,472,30.42,20759.77
Spain,Paid Search,2025-11-17,246,52.52,20720.64
Spain,Paid Search,2025-11-24,60,78.92,3023.44
Spain,Paid Search,2025-12-01,126,31.99,2012.55
Spain,Paid Search,2025-12-08,80,33.71,5436.39
Spain,Paid Search,2025-12-15,316,41.89,12297.18
Spain,Paid Search,2025-12-22,400,23.41,20203.57
Spain,Paid Search,2025-12-29,232,29.75,22051.4
Spain,Paid Social,2025-01-06,91,49.25,4830.92
Spain,Paid Social,2025-01-13,197,34.97,7309.46
Spain,Paid Social,2025-01-20,389,21.8,13336.5
Spain,Paid Social,2025-01-27,122,24.68,20360.31
Spain,Paid Social,2025-02-03,318,65.39,18542.93
Spain,Paid Social,2025-02-10,444,77.24,5615.64
Spain,Paid Social,2025-02-17,380,36.88,5216.75
Spain,Paid Social,2025-02-24,108,53.4,14909.34
Spain,Paid Social,2025-03-03,131,46.74,16628.57
Spain,Paid Social,2025-03-10,189,44.75,10800.32
Spain,Paid Social,2025-03-17,394,37.48,8752.55
Spain,Paid Social,2025-03-24,237,65.6,8721.91
Spain,Paid Social,2025-03-31,59,29.99,16127.16
Spain,Paid Social,2025-04-07,484,47.47,10254.97
Spain,Paid Social,2025-04-14,469,60.6,5539.2
Spain,Paid Social,2025-04-21,52,78.42,2596.64
Spain,Paid Social,2025-04-28,349,45.19,4851.06
Spain,Paid Social,2025-05-05,397,28.74,12872.25
Spain,Paid Social,2025-05-12,182,60.53,21909.78
Spain,Paid Social,2025-05-19,384,62.15,21366.57
Spain,Paid Social,2025-05-26,176,36.38,14693.99
Spain,Paid Social,2025-06-02,124,67.63,20038.36
Spain,Paid Social,2025-06-09,258,22.37,5777.1
Spain,Paid Social,2025-06-16,433,34.42,12982.92
Spain,Paid Social,2025-06-23,480,33.43,15905.81
Spain,Paid Social,2025-06-30,480,43.07,22581.14
Spain,Paid Social,2025-07-07,101,76.46,17164.65
Spain,Paid Social,2025-07-14,424,49.68,24882.27
Spain,Paid Social,2025-07-21,323,67.53,3268.44
Spain,Paid Social,2025-07-28,391,58.78,8202.34
Spain,Paid Social,2025-08-04,239,70.78,11992.22
Spain,Paid Social,2025-08-11,59,50.36,16785.33
Spain,Paid Social,2025-08-18,92,40.36,16062.75
Spain,Paid Social,2025-08-25,73,52.47,7489.03
Spain,Paid Social,2025-09-01,384,20.52,3444.49
Spain,Paid Social,2025-09-08,451,41.84,16864.46
Spain,Paid Social,2025-09-15,287,39.5,19382.35
Spain,Paid Social,2025-09-22,323,44.83,19269.25
Spain,Paid Social,2025-09-29,89,26.24,9963.46
Spain,Paid Social,2025-10-06,329,57.65,6778.61
Spain,Paid Social,2025-10-13,124,72.6,23759.84
Spain,Paid Social,2025-10-20,436,20.4,13005.08
Spain,Paid Social,2025-10-27,84,55.84,7392.79
Spain,Paid Social,2025-11-03,490,74.8,8331.66
Spain,Paid Social,2025-11-10,355,78.4,24209.49
Spain,Paid Social,2025-11-17,451,70.5,2050.29
Spain,Paid Social,2025-11-24,414,38.53,1292.32
Spain,Paid Social,2025-12-01,422,21.91,22159.17
Spain,Paid Social,2025-12-08,409,52.3,7636.82
Spain,Paid Social,2025-12-15,406,64.94,15820.51
Spain,Paid Social,2025-12-22,56,75.72,3651.4
Spain,Paid Social,2025-12-29,293,30.25,12964.31
Spain,Affiliate,2025-01-06,151,70.51,16564.99
Spain,Affiliate,2025-01-13,426,36.44,21533.88
Spain,Affiliate,2025-01-20,94,46.97,16104.57
Spain,Affiliate,2025-01-27,423,41.98,7779.62
Spain,Affiliate,2025-02-03,185,38.07,24363.37
Spain,Affiliate,2025-02-10,338,56.23,18249.79
Spain,Affiliate,2025-02-17,246,54.25,15909.23
Spain,Affiliate,2025-02-24,474,75.1,2329.98
Spain,Affiliate,2025-03-03,311,54.26,6733.39
Spain,Affiliate,2025-03-10,305,21.63,19384.18
Spain,Affiliate,2025-03-17,259,53.5,4744.02
Spain,Affiliate,2025-03-24,163,37.48,15822.33
Spain,Affiliate,2025-03-31,446,52.27,12759.83
Spain,Affiliate,2025-04-07,74,33.01,10075.07
Spain,Affiliate,2025-04-14,334,71.03,3004.08
Spain,Affiliate,2025-04-21,272,63,6251.55
Spain,Affiliate,2025-04-28,314,37.87,8026.59
Spain,Affiliate,2025-05-05,319,37.85,3136.07
Spain,Affiliate,2025-05-12,173,73.64,16093.36
Spain,Affiliate,2025-05-19,385,61.09,8690.07
Spain,Affiliate,2025-05-26,121,73,4973.76
Spain,Affiliate,2025-06-02,116,24.89,24295.08
Spain,Affiliate,2025-06-09,235,22.85,19395.81
Spain,Affiliate,2025-06-16,191,47.99,17993.89
Spain,Affiliate,2025-06-23,360,67.15,11168.12
Spain,Affiliate,2025-06-30,169,77.62,12109.18
Spain,Affiliate,2025-07-07,326,54.84,13476.13
Spain,Affiliate,2025-07-14,144,60.26,13261.72
Spain,Affiliate,2025-07-21,435,27.28,9259.3
Spain,Affiliate,2025-07-28,404,71.35,14611.66
Spain,Affiliate,2025-08-04,398,51.2,4757.55
Spain,Affiliate,2025-08-11,247,33.6,13914.96
Spain,Affiliate,2025-08-18,131,65.19,19519.18
Spain,Affiliate,2025-08-25,252,71.97,2231.83
Spain,Affiliate,2025-09-01,76,58.32,10535.83
Spain,Affiliate,2025-09-08,124,74.62,14600.12
Spain,Affiliate,2025-09-15,53,20.26,10217.53
Spain,Affiliate,2025-09-22,377,38.29,20353.48
Spain,Affiliate,2025-09-29,367,57.26,16498.06
Spain,Affiliate,2025-10-06,107,29.35,19158.44
Spain,Affiliate,2025-10-13,244,71.32,4820.65
Spain,Affiliate,2025-10-20,216,42.51,23380.89
Spain,Affiliate,2025-10-27,327,43.12,3485.11
Spain,Affiliate,2025-11-03,465,56.88,17676.45
Spain,Affiliate,2025-11-10,93,41.45,1680.42
Spain,Affiliate,2025-11-17,428,77.91,4053.88
Spain,Affiliate,2025-11-24,126,65.13,20956.02
Spain,Affiliate,2025-12-01,288,69.98,21371.61
Spain,Affiliate,2025-12-08,452,64.66,1600.63
Spain,Affiliate,2025-12-15,343,51.16,6649.37
Spain,Affiliate,2025-12-22,298,26.21,8649.48
Spain,Affiliate,2025-12-29,493,40.09,22920.94
Spain,Partnerships,2025-01-06,403,33.04,16019.14
Spain,Partnerships,2025-01-13,265,29.9,18309.11
Spain,Partnerships,2025-01-20,347,57.88,18200.19
Spain,Partnerships,2025-01-27,403,36.55,14944.91
Spain,Partnerships,2025-02-03,396,44.99,1114.01
Spain,Partnerships,2025-02-10,446,35.55,9515.49
Spain,Partnerships,2025-02-17,483,53.28,13317.82
Spain,Partnerships,2025-02-24,148,47.64,13080.38
Spain,Partnerships,2025-03-03,434,76.34,14445.46
Spain,Partnerships,2025-03-10,371,34.54,4549.12
Spain,Partnerships,2025-03-17,435,51.93,2321.17
Spain,Partnerships,2025-03-24,68,26.48,13575.07
Spain,Partnerships,2025-03-31,213,33.04,23218.3
Spain,Partnerships,2025-04-07,403,67.36,1771.84
Spain,Partnerships,2025-04-14,349,40.89,9629.51
Spain,Partnerships,2025-04-21,192,54.73,11984.51
Spain,Partnerships,2025-04-28,75,40.8,24545.15
Spain,Partnerships,2025-05-05,239,23.4,14566.56
Spain,Partnerships,2025-05-12,420,52.42,7862.53
Spain,Partnerships,2025-05-19,171,77.12,24218.72
Spain,Partnerships,2025-05-26,265,77.44,6219.5
Spain,Partnerships,2025-06-02,455,79.4,10908.81
Spain,Partnerships,2025-06-09,462,31.09,14860.28
Spain,Partnerships,2025-06-16,355,24.8,18967.61
Spain,Partnerships,2025-06-23,288,71.04,15323.4
Spain,Partnerships,2025-06-30,165,69.25,15914.4
Spain,Partnerships,2025-07-07,476,49.09,13727.2
Spain,Partnerships,2025-07-14,83,21.16,24129.55
Spain,Partnerships,2025-07-21,439,37.56,18140.08
Spain,Partnerships,2025-07-28,301,73.78,7217.56
Spain,Partnerships,2025-08-04,211,79.3,22176.09
Spain,Partnerships,2025-08-11,478,37.78,3964.12
Spain,Partnerships,2025-08-18,66,20.61,21148.71
Spain,Partnerships,2025-08-25,464,26.11,11336.12
Spain,Partnerships,2025-09-01,59,75.36,22417.31
Spain,Partnerships,2025-09-08,128,68.56,14742.48
Spain,Partnerships,2025-09-15,220,73.41,23055.48
Spain,Partnerships,2025-09-22,334,72.51,15413.18
Spain,Partnerships,2025-09-29,375,68.63,11384.79
Spain,Partnerships,2025-10-06,374,65.27,14967.9
Spain,Partnerships,2025-10-13,273,39.67,2335.01
Spain,Partnerships,2025-10-20,327,41.88,3146.91
Spain,Partnerships,2025-10-27,144,39.5,6862.72
Spain,Partnerships,2025-11-03,171,54,2899.13
Spain,Partnerships,2025-11-10,295,36.13,8736.67
Spain,Partnerships,2025-11-17,166,33.04,13484.13
Spain,Partnerships,2025-11-24,277,23.78,12871.93
Spain,Partnerships,2025-12-01,400,55.83,12270.32
Spain,Partnerships,2025-12-08,78,76.48,2137.13
Spain,Partnerships,2025-12-15,391,44.96,4233.77
Spain,Partnerships,2025-12-22,64,42.17,23936.81
Spain,Partnerships,2025-12-29,84,34.14,16403.9
Spain,Organic,2025-01-06,250,59.99,5100.96
Spain,Organic,2025-01-13,241,26.07,24614.41
Spain,Organic,2025-01-20,160,49.39,21079.66
Spain,Organic,2025-01-27,116,31.68,23149.81
Spain,Organic,2025-02-03,79,52.33,10043.05
Spain,Organic,2025-02-10,404,62.27,10561.15
Spain,Organic,2025-02-17,181,75.15,21192.99
Spain,Organic,2025-02-24,375,37.22,22378.37
Spain,Organic,2025-03-03,110,23.94,22433.99
Spain,Organic,2025-03-10,111,53.56,5826.2
Spain,Organic,2025-03-17,489,21.6,3770.61
Spain,Organic,2025-03-24,393,50.88,7302.68
Spain,Organic,2025-03-31,320,59.97,3344.45
Spain,Organic,2025-04-07,446,61.15,2441.06
Spain,Organic,2025-04-14,227,58.09,17568.59
Spain,Organic,2025-04-21,497,46.75,23792.07
Spain,Organic,2025-04-28,257,60.38,21128.3
Spain,Organic,2025-05-05,403,45.71,9044.54
Spain,Organic,2025-05-12,219,63.25,19866.16
Spain,Organic,2025-05-19,433,29.42,7143.32
Spain,Organic,2025-05-26,113,45.83,7643.05
Spain,Organic,2025-06-02,197,22.64,19306.92
Spain,Organic,2025-06-09,376,65.97,12836.52
Spain,Organic,2025-06-16,183,33.48,2841.43
Spain,Organic,2025-06-23,185,69.7,19225.02
Spain,Organic,2025-06-30,348,60.8,23054.31
Spain,Organic,2025-07-07,103,43.33,3510.05
Spain,Organic,2025-07-14,307,23.76,23045.75
Spain,Organic,2025-07-21,488,65.58,3151.92
Spain,Organic,2025-07-28,214,52.1,10637.57
Spain,Organic,2025-08-04,224,68.5,15105.96
Spain,Organic,2025-08-11,340,32.51,5831.22
Spain,Organic,2025-08-18,55,42.1,13954.7
Spain,Organic,2025-08-25,319,25.6,11228.55
Spain,Organic,2025-09-01,161,79.8,8040.68
Spain,Organic,2025-09-08,409,53.19,8587.66
Spain,Organic,2025-09-15,475,53.41,3561.98
Spain,Organic,2025-09-22,351,38.83,4097.84
Spain,Organic,2025-09-29,383,66.91,2112.22
Spain,Organic,2025-10-06,82,27.23,17252.18
Spain,Organic,2025-10-13,254,26.86,22231.53
Spain,Organic,2025-10-20,118,62.72,2738.04
Spain,Organic,2025-10-27,351,76.47,5782.61
Spain,Organic,2025-11-03,357,73.98,11578.7
Spain,Organic,2025-11-10,179,34.36,13489.79
Spain,Organic,2025-11-17,370,23.15,4499.14
Spain,Organic,2025-11-24,181,52.12,7976.22
Spain,Organic,2025-12-01,139,24.06,9446.07
Spain,Organic,2025-12-08,292,79.7,2247.22
Spain,Organic,2025-12-15,164,27.84,24673.96
Spain,Organic,2025-12-22,376,55.09,22425.91
Spain,Organic,2025-12-29,63,59.04,17783.33